"x","y"
-1.08405775018036,-0.372391202683311
2.89669435797259,4.93104335395383
1.74000942707062,2.95057469997634
1.19067663140595,0.795123766992583
2.26576682645828,3.26895973436614
-1.47959498455748,-2.5501899204769
-2.06331998761743,-0.658807839370785
-2.45990343159065,-1.56858521256754
0.16408677957952,-0.389184247419735
-0.771357090678066,-0.502465801862602
-1.92982032615691,0.299257519481751
-1.77385245636106,-2.7000987464
-1.45040709804744,-1.83501672062654
0.314016756601632,0.232468842277866
1.02597527951002,0.304482125643644
-2.03366941725835,-2.7306311359075
1.73655747016892,2.85859518019787
0.774495280813426,0.15079083227238
-1.04069667868316,-1.28538608645447
-0.743553117848933,-2.27178301103818
1.96416535880417,3.04845716178855
2.0667408532463,2.33341206620055
1.2014187304303,2.13573620482605
-1.86527573922649,-1.21343575318816
1.5845486484468,2.20629727396988
-1.35749833099544,0.0508265695242638
0.102394414599985,-0.721883930185891
0.707856385968626,-0.849141187608189
0.37284028949216,0.536330676657926
-0.548409492708743,-0.937285214527183
-0.460792767349631,-1.16101113861132
0.44895063014701,1.97348832409244
0.366505059879273,-0.0959185027120031
1.58491706941277,2.82199205435492
-0.796734763775021,-1.06611386543245
-1.47506983252242,-2.6568853702209
-2.32370940316468,-3.28720374086704
0.655339455697685,0.0666891144524364
2.54841900290921,1.57919152824587
1.3479943969287,1.37227573446554
0.645566491875798,0.847473215750376
-0.247960223816335,-0.135228397907435
-2.36279809568077,-1.96557539195687
2.61819381639361,3.46875028461895
-2.09598405333236,-2.11635714183869
2.68861292861402,2.47953622985983
-0.270387845579535,-0.160932676440268
-2.77051799884066,-1.5380738769888
-0.363510819151998,0.718561036098975
-1.26769819529727,-2.30129722058493
-0.135710187256336,0.480601243517432
2.59143780078739,4.98551808525277
2.12858502287418,1.92416657953964
1.24428616231307,1.63730806133999
2.911645822227,2.96011117475523
-0.565948085859418,0.466462795444851
1.62124704709277,1.40005319199444
-1.50022933445871,-1.5483685992091
-1.80933528626338,-1.12961672688247
2.99389977939427,4.31423841753231
2.78853111946955,3.46916245182149
-0.805830256082118,-1.12771593120719
-2.60286259185523,-1.08184318331382
-0.0147881414741278,-0.117067985987051
-0.384174331091344,1.69980552157865
-1.7793083069846,-1.69467864167501
-1.59542301250622,-2.52513788316358
2.83824858488515,3.93067672164316
1.96032712748274,1.96538342631524
1.31537449127063,2.4372720785217
2.51782202348113,1.62521445404573
-1.52718300651759,-0.410190165936054
-1.29292156035081,-0.517400807121151
0.696893084328622,0.979508547417004
0.978849948383868,1.47723213168298
1.01487836195156,1.50556750916996
-2.68205423327163,-3.01790605508705
-0.658557828515768,-0.214033542638576
-1.64822877058759,-2.12503891019146
-0.307810356840491,-0.531247046376691
-2.13929130183533,-1.91065753442248
-1.04848750820383,-1.08768742494122
-0.782329158391804,0.384134014719217
-1.19664454646409,-0.265379046398666
-0.0308098951354623,-0.789401113257456
0.0051011648029089,-1.65074755668511
-1.52029134426266,-1.75154453248084
0.116329295095056,-0.723571038158783
2.57640358898789,2.40842489872385
-2.49636036716402,-2.10193161389093
1.25466741062701,1.94200966565059
-1.50617770990357,-2.2707280984434
1.00384231796488,1.85613469693806
-0.104985797312111,0.415761837002396
-1.17121560126543,-1.58919587732673
1.98325753491372,1.45796409934641
0.387402439489961,0.714277285492113
-0.112737184390426,-1.14028249579372
1.95656126411632,2.97999841426569
1.32164954720065,0.699519529090416
